Artist IDs,Track Name,AlbumID,Album Name,Artist Name(s),ArtistDOB,ArtistDebuteDate,Album Release Date,Duration,RecordLabelID,RecordLabelName
1YzCsTRb22dQkh9lghPIrp,I'll Be Seeing You,1,Billie Holiday,Billie Holiday,1910-01-01,1920-01-01,1957-01-01,0:03:31,0001A,Verve Label Group
1YzCsTRb22dQkh9lghPIrp,Blue Moon,2,Solitude,Billie Holiday,1910-01-01,1920-01-01,1956-01-01,0:03:27,0002A,EmArcy Records
1YzCsTRb22dQkh9lghPIrp,Solitude,2,Solitude,Billie Holiday,1910-01-01,1920-01-01,1956-01-01,0:03:27,0003A,Blue Note Records
1YzCsTRb22dQkh9lghPIrp,All of Me,3,Lady Day: The Complete Billie Holiday On Columbia (1933-1944),Billie Holiday,1910-01-01,1920-01-01,1905-04-16,0:03:01,0005A,Moonhoney Records
1YzCsTRb22dQkh9lghPIrp,April In Paris,4,All Or Nothing At All,Billie Holiday,1910-01-01,1920-01-01,1958-01-01,0:03:05,0001A,Verve Label Group
1YzCsTRb22dQkh9lghPIrp,As Time Goes By,5,The Complete Commodore Recordings,Billie Holiday,1910-01-01,1920-01-01,1997-01-28,0:03:14,0001A,Verve Label Group
1YzCsTRb22dQkh9lghPIrp,Strange Fruit,1,Billie Holiday,Billie Holiday,1910-01-01,1920-01-01,1957-01-01,0:03:12,0001A,Verve Label Group
1YzCsTRb22dQkh9lghPIrp,Crazy He Calls Me,6,Lover Man,Billie Holiday,1910-01-01,1920-01-01,1958-01-01,0:03:05,0001A,Verve Label Group
1YzCsTRb22dQkh9lghPIrp,You Go To My Head,2,Solitude,Billie Holiday,1910-01-01,1920-01-01,1956-01-01,0:02:54,0001A,Verve Label Group
2Cu7QnPPlXXI90FjajvG1A,If Love Is Good To Me,7,The Song Is Paris,Jackie Paris,1924-02-01,1944-02-01,1962-01-01,0:03:13,0001A,Verve Label Group
2Cu7QnPPlXXI90FjajvG1A,Skylark,8,Skylark,Jackie Paris,1924-02-01,1944-02-01,1954-01-01,0:02:52,0002A,EmArcy Records
2Cu7QnPPlXXI90FjajvG1A,Cherry,7,The Song Is Paris,Jackie Paris,1924-02-01,1944-02-01,1962-01-01,0:02:39,0002A,EmArcy Records
2Cu7QnPPlXXI90FjajvG1A,There Will Never Be Another You,9,Songs By Jackie Paris,Jackie Paris,1924-02-01,1944-02-01,1956-01-01,0:02:36,0002A,EmArcy Records
2Cu7QnPPlXXI90FjajvG1A,'Tis Autumn,7,The Song Is Paris,Jackie Paris,1924-02-01,1944-02-01,1962-01-01,0:03:43,0002A,EmArcy Records
2Cu7QnPPlXXI90FjajvG1A,Skylark,10,Singles,Jackie Paris,1924-02-01,1944-02-01,2010-05-07,0:03:09,0002A,EmArcy Records
2Cu7QnPPlXXI90FjajvG1A,My Very Good Friend In The Looking Glass,7,The Song Is Paris,Jackie Paris,1924-02-01,1944-02-01,1962-01-01,0:02:51,0002A,EmArcy Records
2Cu7QnPPlXXI90FjajvG1A,Strange,9,Songs By Jackie Paris,Jackie Paris,1924-02-01,1944-02-01,1956-01-01,0:01:56,0002A,EmArcy Records
2Cu7QnPPlXXI90FjajvG1A,Tonight,7,The Song Is Paris,Jackie Paris,1924-02-01,1944-02-01,1962-01-01,0:02:30,0002A,EmArcy Records
2Cu7QnPPlXXI90FjajvG1A,Jenny,7,The Song Is Paris,Jackie Paris,1924-02-01,1944-02-01,1962-01-01,0:03:20,0002A,EmArcy Records
5V0MlUE1Bft0mbLlND7FJz,Frosty The Snowman,11,Ella Wishes You A Swinging Christmas (Expanded Edition),Ella Fitzgerald,1902-12-12,1922-12-12,1960-01-01,0:02:11,0001A,Verve Label Group
5V0MlUE1Bft0mbLlND7FJz,Sleigh Ride,11,Ella Wishes You A Swinging Christmas (Expanded Edition),Ella Fitzgerald,1902-12-12,1922-12-12,1960-01-01,0:02:55,0001A,Verve Label Group
5V0MlUE1Bft0mbLlND7FJz,I've Got A Crush On You,12,Ella Sings Gershwin,Ella Fitzgerald,1902-12-12,1922-12-12,1950-09-11,0:03:16,0001A,Verve Label Group
5V0MlUE1Bft0mbLlND7FJz,Christmas Island,11,Ella Wishes You A Swinging Christmas (Expanded Edition),Ella Fitzgerald,1902-12-12,1922-12-12,1960-01-01,0:02:17,0001A,Verve Label Group
19eLuQmk9aCobbVDHc6eek,What A Wonderful World,13,What A Wonderful World,Louis Armstrong,1915-05-03,1935-05-03,1968-01-01,0:02:19,0001A,Verve Label Group
19eLuQmk9aCobbVDHc6eek,La vie en rose - Single Version,14,Satchmo Serenades,Louis Armstrong,1915-05-03,1935-05-03,1952-04-01,0:03:23,0001A,Verve Label Group
19eLuQmk9aCobbVDHc6eek,Dream A Little Dream Of Me,13,What A Wonderful World,Louis Armstrong,1915-05-03,1935-05-03,1968-01-01,0:03:16,0001A,Verve Label Group
19eLuQmk9aCobbVDHc6eek,Hello Dolly!,15,Hello Dolly! (Remastered),Louis Armstrong,1915-05-03,1935-05-03,1964-10-25,0:02:27,0001A,Verve Label Group
19eLuQmk9aCobbVDHc6eek,A Kiss To Build A Dream On - Single Version,14,Satchmo Serenades,Louis Armstrong,1915-05-03,1935-05-03,1952-04-01,0:03:01,0001A,Verve Label Group
19eLuQmk9aCobbVDHc6eek,C'est si bon,14,Satchmo Serenades,Louis Armstrong,1915-05-03,1935-05-03,1952-04-01,0:03:03,0001A,Verve Label Group
1UhC1mCcd9SFXLibHhMX61,Moonlight Serenade,16,Flirting With Twilight,Kurt Elling,1957-06-04,1977-06-04,2001-01-01,0:04:22,0001A,Verve Label Group
1UhC1mCcd9SFXLibHhMX61,La Vie En Rose,17,Passion World,Kurt Elling,1957-06-04,1977-06-04,2015-06-08,0:08:12,0003A,Blue Note Records
1UhC1mCcd9SFXLibHhMX61,Blame It On My Youth,16,Flirting With Twilight,Kurt Elling,1957-06-04,1977-06-04,2001-01-01,0:03:27,0003A,Blue Note Records
1UhC1mCcd9SFXLibHhMX61,Endless Lawns,18,SuperBlue,Kurt Elling,1957-06-04,1977-06-04,2021-09-30,0:06:54,0003A,Blue Note Records
1UhC1mCcd9SFXLibHhMX61,I Get Along Without You Very Well,16,Flirting With Twilight,Kurt Elling,1957-06-04,1977-06-04,2001-01-01,0:03:37,0003A,Blue Note Records
1UhC1mCcd9SFXLibHhMX61,Cool Yule,19,Yule Be Boppin',Kurt Elling,1957-06-04,1977-06-04,1997-01-01,0:03:30,0003A,Blue Note Records
1UhC1mCcd9SFXLibHhMX61,Nature Boy,20,The Messenger,Kurt Elling,1957-06-04,1977-06-04,1997-01-01,0:06:09,0003A,Blue Note Records
1UhC1mCcd9SFXLibHhMX61,Christmas Children,21,The Beautiful Day,Kurt Elling,1957-06-04,1977-06-04,2016-10-28,0:04:32,0003A,Blue Note Records
0x9L9ChXVAf3hFOb0CbRmd,And I Love Him,22,Travelin' Light,Shirley Horn,1920-04-01,1940-04-01,1905-05-18,0:02:29,0001A,Verve Label Group
0x9L9ChXVAf3hFOb0CbRmd,Hit The Road Jack,23,Light Out Of Darkness (A Tribute To Ray Charles),Shirley Horn,1920-04-01,1940-04-01,1993-09-21,0:03:11,0001A,Verve Label Group
0x9L9ChXVAf3hFOb0CbRmd,Do It Again,24,Loads Of Love,Shirley Horn,1920-04-01,1940-04-01,1963-02-14,0:02:57,0001A,Verve Label Group
0x9L9ChXVAf3hFOb0CbRmd,Love For Sale,24,Loads Of Love,Shirley Horn,1920-04-01,1940-04-01,1963-02-14,0:03:51,0001A,Verve Label Group
0x9L9ChXVAf3hFOb0CbRmd,There's A Boat That's Leavin' Soon For New York - From Porgy And Bess,24,Loads Of Love,Shirley Horn,1920-04-01,1940-04-01,1963-02-14,0:02:42,0001A,Verve Label Group
0x9L9ChXVAf3hFOb0CbRmd,Wild Is Love,24,Loads Of Love,Shirley Horn,1920-04-01,1940-04-01,1963-02-14,0:01:30,0001A,Verve Label Group
0x9L9ChXVAf3hFOb0CbRmd,My Funny Valentine,25,I Remember Miles,Shirley Horn,1920-04-01,1940-04-01,1998-01-01,0:05:34,0001A,Verve Label Group
0x9L9ChXVAf3hFOb0CbRmd,Here's To Life,26,Here's To Life,Shirley Horn,1920-04-01,1940-04-01,1992-01-01,0:05:36,0001A,Verve Label Group
0x9L9ChXVAf3hFOb0CbRmd,The Great City,27,Shirley Horn With Horns,Shirley Horn,1920-04-01,1940-04-01,1963-11-07,0:02:03,0001A,Verve Label Group
3rxeQlsv0Sc2nyYaZ5W71T,I Fall In Love Too Easily,28,Chet Baker Sings,Chet Baker,1913-08-04,1933-08-04,1905-05-09,0:03:21,0001A,Verve Label Group
3rxeQlsv0Sc2nyYaZ5W71T,My Funny Valentine,28,Chet Baker Sings,Chet Baker,1913-08-04,1933-08-04,1905-05-09,0:02:21,0003A,Blue Note Records
3rxeQlsv0Sc2nyYaZ5W71T,Time After Time - Vocal Version,28,Chet Baker Sings,Chet Baker,1913-08-04,1933-08-04,1905-05-09,0:02:46,0003A,Blue Note Records
3rxeQlsv0Sc2nyYaZ5W71T,Autumn Leaves,29,Jazz Moods - Cool,Chet Baker,1913-08-04,1933-08-04,1905-05-27,0:07:02,0003A,Blue Note Records
3rxeQlsv0Sc2nyYaZ5W71T,I Get Along Without You Very Well (Except Sometimes) - Vocal Version,28,Chet Baker Sings,Chet Baker,1913-08-04,1933-08-04,1905-05-09,0:02:59,0003A,Blue Note Records
3rxeQlsv0Sc2nyYaZ5W71T,It's Always You - Vocal Version,28,Chet Baker Sings,Chet Baker,1913-08-04,1933-08-04,1905-05-09,0:03:35,0003A,Blue Note Records
3rxeQlsv0Sc2nyYaZ5W71T,There Will Never Be Another You - Vocal Version,28,Chet Baker Sings,Chet Baker,1913-08-04,1933-08-04,1905-05-09,0:03:00,0003A,Blue Note Records
3rxeQlsv0Sc2nyYaZ5W71T,But Not For Me - Vocal Version,28,Chet Baker Sings,Chet Baker,1913-08-04,1933-08-04,1905-05-09,0:03:04,0003A,Blue Note Records
3rxeQlsv0Sc2nyYaZ5W71T,That Old Feeling,28,Chet Baker Sings,Chet Baker,1913-08-04,1933-08-04,1905-05-09,0:03:03,0003A,Blue Note Records
3rxeQlsv0Sc2nyYaZ5W71T,Everything Happens To Me,30,Essential Standards (eBooklet),Chet Baker,1913-08-04,1933-08-04,2009-01-01,0:05:04,0003A,Blue Note Records
4JHlHSUko0ivu6fXYT8J2q,Anything Goes,31,Helen Merrill With Strings,Helen Merrill,1913-08-04,1933-08-04,1955-01-01,0:03:07,0001A,Verve Label Group
4JHlHSUko0ivu6fXYT8J2q,You'd Be So Nice To Come Home To,32,Helen Merill,Helen Merrill,1913-08-04,1933-08-04,1955-01-01,0:04:19,0001A,Verve Label Group
4JHlHSUko0ivu6fXYT8J2q,Yesterdays,32,Helen Merill,Helen Merrill,1913-08-04,1933-08-04,1955-01-01,0:06:00,0001A,Verve Label Group
4JHlHSUko0ivu6fXYT8J2q,Don't Explain,32,Helen Merill,Helen Merrill,1913-08-04,1933-08-04,1955-01-01,0:05:14,0001A,Verve Label Group
4JHlHSUko0ivu6fXYT8J2q,When I Fall In Love,31,Helen Merrill With Strings,Helen Merrill,1913-08-04,1933-08-04,1955-01-01,0:03:21,0001A,Verve Label Group
4JHlHSUko0ivu6fXYT8J2q,I Remember You,33,The Nearness Of You,Helen Merrill,1913-08-04,1933-08-04,1958-03-01,0:02:11,0001A,Verve Label Group
4JHlHSUko0ivu6fXYT8J2q,Solitude - Live,34,Parole E Musica/Different Artwork,Helen Merrill,1913-08-04,1933-08-04,1961-06-29,0:02:25,0001A,Verve Label Group
4JHlHSUko0ivu6fXYT8J2q,What's New,32,Helen Merill,Helen Merrill,1913-08-04,1933-08-04,1955-01-01,0:05:01,0001A,Verve Label Group
4JHlHSUko0ivu6fXYT8J2q,Why Don't You Do Right - Live,34,Parole E Musica/Different Artwork,Helen Merrill,1913-08-04,1933-08-04,1961-06-29,0:02:20,0001A,Verve Label Group
4N8BwYTEC6XqykGvXXlmfv,Nothing's Gonna Change My Love for You,35,20/20,George Benson,1913-08-04,1933-08-04,1985-01-15,0:04:02,0001A,Verve Label Group
4N8BwYTEC6XqykGvXXlmfv,Give Me the Night,36,The George Benson Collection,George Benson,1957-06-04,1977-06-04,1905-06-03,0:03:42,0004A,Warner Records
4N8BwYTEC6XqykGvXXlmfv,Give Me the Night,37,Give Me the Night,George Benson,1957-06-04,1977-06-04,1980-07-16,0:05:01,0004A,Warner Records
4N8BwYTEC6XqykGvXXlmfv,Breezin',38,Breezin',George Benson,1957-06-04,1977-06-04,1905-05-29,0:05:41,0004A,Warner Records
4N8BwYTEC6XqykGvXXlmfv,Turn Your Love Around,36,The George Benson Collection,George Benson,1957-06-04,1977-06-04,1905-06-03,0:03:50,0004A,Warner Records
4N8BwYTEC6XqykGvXXlmfv,In Your Eyes,39,In Your Eyes,George Benson,1957-06-04,1977-06-04,1983-05-18,0:03:20,0004A,Warner Records
4N8BwYTEC6XqykGvXXlmfv,On Broadway,36,The George Benson Collection,George Benson,1957-06-04,1977-06-04,1905-06-03,0:05:16,0004A,Warner Records
4N8BwYTEC6XqykGvXXlmfv,Lady Love Me (One More Time),39,In Your Eyes,George Benson,1957-06-04,1977-06-04,1983-05-18,0:04:00,0004A,Warner Records
4N8BwYTEC6XqykGvXXlmfv,Love X Love,37,Give Me the Night,George Benson,1957-06-04,1977-06-04,1980-07-16,0:04:46,0004A,Warner Records
1bgyxtWjZwA5PQlDsvs9b8,Misty,40,Vaughan And Violins,Sarah Vaughan,1918-02-28,1938-02-28,1958-05-06,0:03:02,0001A,Verve Label Group
1bgyxtWjZwA5PQlDsvs9b8,Lullaby Of Birdland,41,Sarah Vaughan,Sarah Vaughan,1918-02-28,1938-02-28,1954-12-01,0:04:00,0005A,Moonhoney Records
1bgyxtWjZwA5PQlDsvs9b8,Tenderly (Remastered 2014),42,40 Hits of Sarah Vaughan,Sarah Vaughan,1918-02-28,1938-02-28,2023-03-10,0:02:33,0005A,Moonhoney Records
1bgyxtWjZwA5PQlDsvs9b8,Broken Hearted Melody,43,The Magic Of Sarah Vaughan,Sarah Vaughan,1918-02-28,1938-02-28,1959-01-01,0:02:26,0005A,Moonhoney Records
1bgyxtWjZwA5PQlDsvs9b8,Black Coffee,44,After Hours,Sarah Vaughan,1918-02-28,1938-02-28,1955-04-12,0:03:20,0005A,Moonhoney Records
1bgyxtWjZwA5PQlDsvs9b8,Come Rain or Come Shine,45,Sarah Vaughan In Hi-Fi,Sarah Vaughan,1918-02-28,1938-02-28,1905-05-02,0:03:23,0005A,Moonhoney Records
1bgyxtWjZwA5PQlDsvs9b8,They Can't Take That Away From Me,46,Swingin' Easy,Sarah Vaughan,1918-02-28,1938-02-28,1957-03-01,0:02:44,0005A,Moonhoney Records
1bgyxtWjZwA5PQlDsvs9b8,Words Can't Describe,46,Swingin' Easy,Sarah Vaughan,1918-02-28,1938-02-28,1957-03-01,0:04:35,0005A,Moonhoney Records
2E3nXyfocf7qfHAIFNbBuj,When I Fall In Love,47,Sings Great American Songwriters,Carmen McRae,1960-12-14,1980-12-14,1993-01-01,0:03:48,0001A,Verve Label Group
2E3nXyfocf7qfHAIFNbBuj,Ev'ry Time We Say Goodbye,48,When You're Away,Carmen McRae,1960-12-14,1980-12-14,1959-01-01,0:03:02,0001A,Verve Label Group
2E3nXyfocf7qfHAIFNbBuj,Them There Eyes,49,Carmen McRae Sings Lover Man And Other Billie Holiday Classics,Carmen McRae,1960-12-14,1980-12-14,1962-01-17,0:02:45,0001A,Verve Label Group
2E3nXyfocf7qfHAIFNbBuj,The Sound of Silence,50,The Sound Of Silence,Carmen McRae,1960-12-14,1980-12-14,2005-05-17,0:03:01,0001A,Verve Label Group
2E3nXyfocf7qfHAIFNbBuj,Blue Moon,51,Blue Moon,Carmen McRae,1960-12-14,1980-12-14,1956-09-20,0:02:33,0001A,Verve Label Group
2E3nXyfocf7qfHAIFNbBuj,What a Little Moonlight Can Do,49,Carmen McRae Sings Lover Man And Other Billie Holiday Classics,Carmen McRae,1960-12-14,1980-12-14,1962-01-17,0:03:31,0001A,Verve Label Group
2E3nXyfocf7qfHAIFNbBuj,I'm Putting All My Eggs In One Basket,51,Blue Moon,Carmen McRae,1960-12-14,1980-12-14,1956-09-20,0:02:21,0001A,Verve Label Group
6HB1MchEEMg40EisSJuenZ,This Is Always,52,Inside Betty Carter,Betty Carter,1947-12-13,1967-12-13,1993-08-02,0:03:11,0001A,Verve Label Group
6HB1MchEEMg40EisSJuenZ,It's A Big Wide Wonderful World,52,Inside Betty Carter,Betty Carter,1947-12-13,1967-12-13,1993-08-02,0:01:50,0003A,Blue Note Records
6HB1MchEEMg40EisSJuenZ,Jazz (Ain't Nothin' But Soul),53,The Modern Sound Of Betty Carter,Betty Carter,1947-12-13,1967-12-13,1960-01-01,0:01:56,0003A,Blue Note Records
6HB1MchEEMg40EisSJuenZ,Stormy Weather (Keeps Rainin' All The Time),53,The Modern Sound Of Betty Carter,Betty Carter,1947-12-13,1967-12-13,1960-01-01,0:03:21,0003A,Blue Note Records
6HB1MchEEMg40EisSJuenZ,'Round Midnight,54,'Round Midnight,Betty Carter,1947-12-13,1967-12-13,2005-08-30,0:03:20,0003A,Blue Note Records
32LHRiof0sa4taYew9i3Fa,What A Diff'rence A Day Made,55,What A Diff'rence A Day Makes! (Expanded Edition),Dinah Washington,1915-12-12,1935-12-12,1959-02-19,0:02:31,0001A,Verve Label Group
32LHRiof0sa4taYew9i3Fa,September In The Rain,56,September In The Rain,Dinah Washington,1915-12-12,1935-12-12,1961-01-01,0:02:09,0001A,Verve Label Group
32LHRiof0sa4taYew9i3Fa,Teach Me Tonight,57,The Complete Dinah Washington On Mercury Vol.4 (1954-1956),Dinah Washington,1915-12-12,1935-12-12,1988-01-01,0:02:47,0001A,Verve Label Group
32LHRiof0sa4taYew9i3Fa,Cry Me A River,55,What A Diff'rence A Day Makes! (Expanded Edition),Dinah Washington,1915-12-12,1935-12-12,1959-02-19,0:02:30,0001A,Verve Label Group
32LHRiof0sa4taYew9i3Fa,Mad About The Boy,58,The Complete Dinah Washington On Mercury Vol. 2 (1950-1952),Dinah Washington,1915-12-12,1935-12-12,1987-01-01,0:03:02,0001A,Verve Label Group
32LHRiof0sa4taYew9i3Fa,Manhattan,55,What A Diff'rence A Day Makes! (Expanded Edition),Dinah Washington,1915-12-12,1935-12-12,1959-02-19,0:04:19,0001A,Verve Label Group
32LHRiof0sa4taYew9i3Fa,It's Magic,55,What A Diff'rence A Day Makes! (Expanded Edition),Dinah Washington,1915-12-12,1935-12-12,1959-02-19,0:02:41,0001A,Verve Label Group
32LHRiof0sa4taYew9i3Fa,This Bitter Earth,59,Unforgettable (Expanded Edition),Dinah Washington,1915-12-12,1935-12-12,1961-01-01,0:02:09,0001A,Verve Label Group
5QGnprJtpZmk3OiDqspPlB,I Could Write A Book,60,Swings Rodgers And Hart,Anita O'Day,1912-12-11,1932-12-11,1960-01-01,0:02:30,0001A,Verve Label Group
5QGnprJtpZmk3OiDqspPlB,Beautiful Love,61,Anita,Anita O'Day,1912-12-11,1932-12-11,1955-01-01,0:02:40,0001B,Verve Music Group
5QGnprJtpZmk3OiDqspPlB,Love For Sale - 1959 Version,62,Anita O'Day Swings Cole Porter With Billy May,Anita O'Day,1912-12-11,1932-12-11,1959-01-01,0:02:44,0001B,Verve Music Group
5QGnprJtpZmk3OiDqspPlB,You Don't Know What Love Is,63,An Evening With Anita O'Day,Anita O'Day,1912-12-11,1932-12-11,1905-05-08,0:02:58,0001B,Verve Music Group
5QGnprJtpZmk3OiDqspPlB,Honeysuckle Rose,61,Anita,Anita O'Day,1912-12-11,1932-12-11,1955-01-01,0:03:13,0001B,Verve Music Group
5QGnprJtpZmk3OiDqspPlB,You're The Top,61,Anita,Anita O'Day,1912-12-11,1932-12-11,1955-01-01,0:02:25,0001B,Verve Music Group
7v4imS0moSyGdXyLgVTIV7,L-O-V-E,64,L-O-V-E,Nat King Cole,1918-12-10,1938-12-10,1965-01-11,0:02:35,0001A,Verve Label Group
7v4imS0moSyGdXyLgVTIV7,The Christmas Song (Merry Christmas To You),65,The Nat King Cole Story,Nat King Cole,1918-12-10,1938-12-10,1961-09-25,0:03:10,0006A,Capitol Records
7v4imS0moSyGdXyLgVTIV7,Unforgettable,66,Unforgettable,Nat King Cole,1918-12-10,1938-12-10,1954-01-01,0:03:11,0006A,Capitol Records
7v4imS0moSyGdXyLgVTIV7,Deck The Hall,67,The Christmas Song (Expanded Edition),Nat King Cole,1918-12-10,1938-12-10,1905-05-15,0:01:08,0006A,Capitol Records
7v4imS0moSyGdXyLgVTIV7,Smile - Remastered 1992,68,Ballads Of The Day,Nat King Cole,1918-12-10,1938-12-10,1956-04-01,0:02:59,0006A,Capitol Records
7v4imS0moSyGdXyLgVTIV7,Joy To The World,67,The Christmas Song (Expanded Edition),Nat King Cole,1918-12-10,1938-12-10,1905-05-15,0:01:24,0006A,Capitol Records
7v4imS0moSyGdXyLgVTIV7,When I Fall In Love,69,Love Is The Thing,Nat King Cole,1918-12-10,1938-12-10,1957-08-01,0:03:10,0006A,Capitol Records
7v4imS0moSyGdXyLgVTIV7,(I Love You) For Sentimental Reasons,65,The Nat King Cole Story,Nat King Cole,1918-12-10,1938-12-10,1961-09-25,0:03:04,0006A,Capitol Records
7v4imS0moSyGdXyLgVTIV7,The Very Thouhgt of You,70,Masterpieces: Timeless Songs Vol. II,Nat King Cole,1918-12-10,1938-12-10,2021-07-30,0:03:54,0006A,Capitol Records
5bWApG9Vdshhd1J50UnNf6,Plus Je T'embrasse,71,Give Him The Ooh-La-La (Expanded Edition),Blossom Dearie,1913-08-04,1933-08-04,1958-01-01,0:02:31,0001A,Verve Label Group
5bWApG9Vdshhd1J50UnNf6,'Deed I Do,72,Blossom Dearie (Expanded Edition),Blossom Dearie,1913-08-04,1933-08-04,1957-04-01,0:02:13,0001B,Verve Music Group
5bWApG9Vdshhd1J50UnNf6,Tout Doucement,72,Blossom Dearie (Expanded Edition),Blossom Dearie,1913-08-04,1933-08-04,1957-04-01,0:02:23,0001B,Verve Music Group
5bWApG9Vdshhd1J50UnNf6,Manhattan,73,Once Upon A Summertime,Blossom Dearie,1913-08-04,1933-08-04,1958-01-01,0:04:19,0001B,Verve Music Group
5bWApG9Vdshhd1J50UnNf6,Tea For Two,73,Once Upon A Summertime,Blossom Dearie,1913-08-04,1933-08-04,1958-01-01,0:03:24,0001B,Verve Music Group
5bWApG9Vdshhd1J50UnNf6,Try Your Wings,71,Give Him The Ooh-La-La (Expanded Edition),Blossom Dearie,1913-08-04,1933-08-04,1958-01-01,0:03:26,0001B,Verve Music Group
5bWApG9Vdshhd1J50UnNf6,Chez Moi,74,My Gentleman Friend,Blossom Dearie,1913-08-04,1933-08-04,1960-05-01,0:03:06,0001B,Verve Music Group
5bWApG9Vdshhd1J50UnNf6,Love Is Here To Stay,73,Once Upon A Summertime,Blossom Dearie,1913-08-04,1933-08-04,1958-01-01,0:03:10,0001B,Verve Music Group
5bWApG9Vdshhd1J50UnNf6,I Wish You Love,75,May I Come In?,Blossom Dearie,1913-08-04,1933-08-04,1964-05-04,0:02:09,0001B,Verve Music Group
5bWApG9Vdshhd1J50UnNf6,They Say It's Spring,71,Give Him The Ooh-La-La (Expanded Edition),Blossom Dearie,1913-08-04,1933-08-04,1958-01-01,0:03:46,0001B,Verve Music Group
4X8QFzZ1HqwPfwDfyjtwXC,Comin' Home Baby,76,Comin' Home Baby,Mel Tormé,1975-01-13,1995-01-13,2005-02-08,0:02:45,0001A,Verve Label Group
4X8QFzZ1HqwPfwDfyjtwXC,They Can't Take That Away from Me (2012 - Remaster),77,Mel Tormé Sings Fred Astaire (2012 - Remaster),Mel Tormé,1975-01-13,1995-01-13,2012-12-19,0:03:01,0007A,BMG Rights Management (US) LLC
4X8QFzZ1HqwPfwDfyjtwXC,Putting on the Ritz,76,Comin' Home Baby,Mel Tormé,1975-01-13,1995-01-13,2005-02-08,0:02:24,0007A,BMG Rights Management (US) LLC
4X8QFzZ1HqwPfwDfyjtwXC,Isn’t It Romantic?,78,Mel Torme:The Complete World Transcriptions,Mel Tormé,1975-01-13,1995-01-13,1905-06-26,0:01:31,0007A,BMG Rights Management (US) LLC
4X8QFzZ1HqwPfwDfyjtwXC,The Christmas Song (Chestnuts Roasting On An Open Fire) - Live At The Crescendo / 1955,79,Mel Torme At The Crescendo (Live 1955),Mel Tormé,1975-01-13,1995-01-13,1955-01-01,0:03:04,0007A,BMG Rights Management (US) LLC
4X8QFzZ1HqwPfwDfyjtwXC,Happy Together,80,A Time For Us,Mel Tormé,1975-01-13,1995-01-13,1969-01-01,0:02:32,0007A,BMG Rights Management (US) LLC
4X8QFzZ1HqwPfwDfyjtwXC,Lullaby of Birdland,81,Songs Of New York,Mel Tormé,1975-01-13,1995-01-13,2005-03-22,0:02:29,0007A,BMG Rights Management (US) LLC
4X8QFzZ1HqwPfwDfyjtwXC,You Leave Me Breathless,82,Mel Tormé: It's a Blue World,Mel Tormé,1975-01-13,1995-01-13,2015-06-01,0:03:23,0007A,BMG Rights Management (US) LLC
3qUMmh5biaB5hqpF4LqS3m,I'm In The Mood For Love,83,Julie Is Her Name,Julie London,1906-09-26,1926-09-26,1955-12-01,0:02:29,0001A,Verve Label Group
3qUMmh5biaB5hqpF4LqS3m,Cry Me A River,83,Julie Is Her Name,Julie London,1906-09-26,1926-09-26,1955-12-01,0:02:58,0006A,Capitol Records
3qUMmh5biaB5hqpF4LqS3m,I'm Glad There Is You,83,Julie Is Her Name,Julie London,1906-09-26,1926-09-26,1955-12-01,0:02:27,0006A,Capitol Records
3qUMmh5biaB5hqpF4LqS3m,Fly Me To The Moon (In Other Words),84,The End Of The World,Julie London,1906-09-26,1926-09-26,1955-12-01,0:02:39,0006A,Capitol Records
3qUMmh5biaB5hqpF4LqS3m,Blue Moon,85,Julie Is Her Name Vol. 2,Julie London,1906-09-26,1926-09-26,1955-12-01,0:02:33,0006A,Capitol Records
3qUMmh5biaB5hqpF4LqS3m,No Moon At All - Remastered,83,Julie Is Her Name,Julie London,1906-09-26,1926-09-26,1955-12-01,0:01:53,0006A,Capitol Records
3qUMmh5biaB5hqpF4LqS3m,Why Don't You Do Right,86,Whatever Julie Wants,Julie London,1906-09-26,1926-09-26,1955-12-01,0:02:20,0006A,Capitol Records
3qUMmh5biaB5hqpF4LqS3m,Goody Goody,87,Forties Heroes & Sweethearts,Julie London,1906-09-26,1926-09-26,2011-02-28,0:02:44,0006A,Capitol Records
3qUMmh5biaB5hqpF4LqS3m,Sway,88,The Very Best Of Julie London,Julie London,1906-09-26,1926-09-26,2005-07-01,0:02:35,0006A,Capitol Records
3qUMmh5biaB5hqpF4LqS3m,Show Me The Way To Go Home,89,Easy Does It,Julie London,1906-09-26,1926-09-26,1968-01-01,0:02:44,0006A,Capitol Records
03cwCzIWQ8BRmXjGPDAL04,St James' Infirmary,90,Presenting Cab Calloway,Cab Calloway,1933-05-05,1953-05-05,1931-05-12,0:03:05,0001A,Verve Label Group
03cwCzIWQ8BRmXjGPDAL04,Minnie the Moocher (Theme Song),91,Best Of The Big Bands,Cab Calloway,1933-05-05,1953-05-05,1905-06-11,0:03:14,0008A,Universal Digital Enterprises
03cwCzIWQ8BRmXjGPDAL04,Everybody Eats When They Come To My House,92,Hi De Ho Man,Cab Calloway,1933-05-05,1953-05-05,1974-03-02,0:02:47,0008A,Universal Digital Enterprises
03cwCzIWQ8BRmXjGPDAL04,When You're Smiling,93,New York 1935-1937 Vol. A,Cab Calloway,1933-05-05,1953-05-05,1905-06-25,0:03:21,0008A,Universal Digital Enterprises
03cwCzIWQ8BRmXjGPDAL04,Minnie the Moocher (Alternate Take),90,Presenting Cab Calloway,Cab Calloway,1933-05-05,1953-05-05,1931-05-12,0:03:15,0008A,Universal Digital Enterprises
03cwCzIWQ8BRmXjGPDAL04,Jumpin Jive,92,Hi De Ho Man,Cab Calloway,1933-05-05,1953-05-05,1974-03-02,0:02:49,0008A,Universal Digital Enterprises
03cwCzIWQ8BRmXjGPDAL04,Minnie the Moocher,90,Presenting Cab Calloway,Cab Calloway,1933-05-05,1953-05-05,1931-05-12,0:03:14,0008A,Universal Digital Enterprises
03cwCzIWQ8BRmXjGPDAL04,Reefer Man,94,Chronological Calloway Vol 1 (1932-33),Cab Calloway,1933-05-05,1953-05-05,2024-02-02,0:03:00,0008A,Universal Digital Enterprises
03cwCzIWQ8BRmXjGPDAL04,The Ghost Of Smokey Joe,95,Halloween Classics: Songs That Scared The Bloomers Off Your Great-Grandma,Cab Calloway,1933-05-05,1953-05-05,2007-10-09,0:02:44,0008A,Universal Digital Enterprises
03cwCzIWQ8BRmXjGPDAL04,At the Clambake Carnival,90,Presenting Cab Calloway,Cab Calloway,1933-05-05,1953-05-05,1931-05-12,0:02:29,0008A,Universal Digital Enterprises
3YR92OLKlvkK5oKNekSqXe,Stand By Me,96,Thank You,Al Jarreau,1974-05-04,1994-05-04,2023-04-24,0:02:56,0001A,Verve Label Group
3YR92OLKlvkK5oKNekSqXe,Mornin',97,Jarreau,Al Jarreau,1974-05-04,1994-05-04,1905-06-05,0:04:18,0009A,Warner Records Inc.
3YR92OLKlvkK5oKNekSqXe,We're in This Love Together,98,Breakin' Away,Al Jarreau,1974-05-04,1994-05-04,1905-06-03,0:03:46,0009A,Warner Records Inc.
3YR92OLKlvkK5oKNekSqXe,After All,99,High Crime,Al Jarreau,1974-05-04,1994-05-04,1905-06-06,0:04:19,0009A,Warner Records Inc.
3YR92OLKlvkK5oKNekSqXe,Your Song,100,Glow,Al Jarreau,1974-05-04,1994-05-04,1976-06-15,0:05:38,0009A,Warner Records Inc.
3YR92OLKlvkK5oKNekSqXe,Moonlighting,101,We're In This Love Together,Al Jarreau,1974-05-04,1994-05-04,2018-04-20,0:03:03,0009A,Warner Records Inc.
3YR92OLKlvkK5oKNekSqXe,Trouble in Paradise,97,Jarreau,Al Jarreau,1974-05-04,1994-05-04,1905-06-05,0:03:49,0009A,Warner Records Inc.
3YR92OLKlvkK5oKNekSqXe,Boogie Down,97,Jarreau,Al Jarreau,1974-05-04,1994-05-04,1905-06-05,0:04:12,0009A,Warner Records Inc.
3NSAbrtudtKqp7j0C4bqxQ,Lullaby In Rhythm,102,Let Yourself Go,Mark Murphy,1912-03-03,1932-03-03,1957-01-01,0:02:55,0001A,Verve Label Group
3NSAbrtudtKqp7j0C4bqxQ,Lucky in Love,103,Lucky in Love,Mark Murphy,1912-03-03,1932-03-03,2022-02-25,0:01:00,0010A,Edel Germany GmbH
3NSAbrtudtKqp7j0C4bqxQ,Señor Blues,104,That's How I Love The Blues!,Mark Murphy,1912-03-03,1932-03-03,1963-01-01,0:02:25,0010A,Edel Germany GmbH
3NSAbrtudtKqp7j0C4bqxQ,Why Don't You Do Right,105,Rah! (Keepnews Collection),Mark Murphy,1912-03-03,1932-03-03,2008-01-01,0:02:31,0010A,Edel Germany GmbH
3NSAbrtudtKqp7j0C4bqxQ,Sconsolato,106,Midnight Mood,Mark Murphy,1912-03-03,1932-03-03,2014-01-31,0:03:47,0010A,Edel Germany GmbH
3NSAbrtudtKqp7j0C4bqxQ,I Got Rhythm,102,Let Yourself Go,Mark Murphy,1912-03-03,1932-03-03,1957-01-01,0:02:24,0010A,Edel Germany GmbH
3NSAbrtudtKqp7j0C4bqxQ,Let Yourself Go - Remastered,107,Jazz After Midnight,Mark Murphy,1912-03-03,1932-03-03,2013-03-15,0:02:23,0010A,Edel Germany GmbH
3NSAbrtudtKqp7j0C4bqxQ,Why and How,106,Midnight Mood,Mark Murphy,1912-03-03,1932-03-03,2014-01-31,0:02:57,0010A,Edel Germany GmbH
3NSAbrtudtKqp7j0C4bqxQ,Fascinating Rhythm,108,Meet Mark Murphy,Mark Murphy,1912-03-03,1932-03-03,1956-01-01,0:02:04,0010A,Edel Germany GmbH
3NSAbrtudtKqp7j0C4bqxQ,Milestones,105,Rah! (Keepnews Collection),Mark Murphy,1912-03-03,1932-03-03,2008-01-01,0:02:30,0010A,Edel Germany GmbH
1eYhYunlNJlDoQhtYBvPsi,Hit the Road Jack,109,True Genius,Ray Charles,1925-01-02,1945-01-02,2021-09-10,0:01:59,0001A,Verve Label Group
1eYhYunlNJlDoQhtYBvPsi,I've Got a Woman,110,Ray Charles (aka: Hallelujah I Love Her So),Ray Charles,1925-01-02,1945-01-02,1957-01-01,0:02:51,0011A,Atlantic Recording Corp.
1eYhYunlNJlDoQhtYBvPsi,Hallelujah I Love Her So,110,Ray Charles (aka: Hallelujah I Love Her So),Ray Charles,1925-01-02,1945-01-02,1957-01-01,0:02:35,0011A,Atlantic Recording Corp.
1eYhYunlNJlDoQhtYBvPsi,Georgia on My Mind,111,Evr’y Time We Say Goodbye - All-Time Romantic Duets,Ray Charles,1925-01-02,1945-01-02,2012-03-13,0:03:33,0011A,Atlantic Recording Corp.
1eYhYunlNJlDoQhtYBvPsi,I Believe to My Soul,112,The Genius Sings the Blues,Ray Charles,1925-01-02,1945-01-02,1905-05-14,0:03:01,0011A,Atlantic Recording Corp.
1eYhYunlNJlDoQhtYBvPsi,I Can't Stop Loving You,113,Modern Sounds in Country and Western Music Vols 1 & 2,Ray Charles,1925-01-02,1945-01-02,2009-06-02,0:04:16,0011A,Atlantic Recording Corp.
1eYhYunlNJlDoQhtYBvPsi,What'd I Say Pt. 1 & 2,114,What'd I Say,Ray Charles,1925-01-02,1945-01-02,1905-05-12,0:05:07,0011A,Atlantic Recording Corp.
1eYhYunlNJlDoQhtYBvPsi,Mess Around,110,Ray Charles (aka: Hallelujah I Love Her So),Ray Charles,1925-01-02,1945-01-02,1957-01-01,0:02:40,0011A,Atlantic Recording Corp.
0A9p7WNA1VwxVyrjx92Z9F,Moon Glow,115,The Art Tatum Solo Masterpieces Volume 1,Abbey Lincoln,1928-08-08,1948-08-08,1992-01-01,0:02:54,0001A,Verve Label Group
0A9p7WNA1VwxVyrjx92Z9F,Lucky To Be Me,116,Over The Years,Abbey Lincoln,1928-08-08,1948-08-08,2000-01-01,0:07:29,0001A,Verve Label Group
0A9p7WNA1VwxVyrjx92Z9F,Do Nothing 'Til You Hear From Me,117,Abbey Lincoln's Affair... A Story Of A Girl In Love (Expanded Edition),Abbey Lincoln,1928-08-08,1948-08-08,1957-01-01,0:02:16,0001A,Verve Label Group
0A9p7WNA1VwxVyrjx92Z9F,This Can't Be Love,117,Abbey Lincoln's Affair... A Story Of A Girl In Love (Expanded Edition),Abbey Lincoln,1928-08-08,1948-08-08,1957-01-01,0:02:24,0001A,Verve Label Group
0A9p7WNA1VwxVyrjx92Z9F,The Masquerade Is Over,117,Abbey Lincoln's Affair... A Story Of A Girl In Love (Expanded Edition),Abbey Lincoln,1928-08-08,1948-08-08,1957-01-01,0:03:24,0001A,Verve Label Group
0A9p7WNA1VwxVyrjx92Z9F,Throw It Away - 2007 Abbey sings Abbey Version,118,Abbey Sings Abbey,Abbey Lincoln,1928-08-08,1948-08-08,2007-01-01,0:05:17,0001A,Verve Label Group
0A9p7WNA1VwxVyrjx92Z9F,Mr. Tambourine Man,119,Who Used To Dance,Abbey Lincoln,1928-08-08,1948-08-08,1997-01-01,0:06:53,0001A,Verve Label Group
0A9p7WNA1VwxVyrjx92Z9F,The Music Is The Magic - 2007 Abbey sings Abbey Version,118,Abbey Sings Abbey,Abbey Lincoln,1928-08-08,1948-08-08,2007-01-01,0:03:51,0001A,Verve Label Group
0A9p7WNA1VwxVyrjx92Z9F,Afro Blue - Remastered,120,Abbey Is Blue,Abbey Lincoln,1928-08-08,1948-08-08,1987-01-01,0:03:16,0001A,Verve Label Group
5Q6PVXflC7LKN42bYupRJQ,(How Little It Matters) How Little We Know,121,Witchcraft,Chris Connor,1903-08-07,1923-08-07,2005-05-17,0:02:36,0001A,Verve Label Group
5Q6PVXflC7LKN42bYupRJQ,You Make Me Feel so Young,122,Chris Connor,Chris Connor,1903-08-07,1923-08-07,2005-05-17,0:02:51,0003A,Blue Note Records
5Q6PVXflC7LKN42bYupRJQ,All Dressed Up With a Broken Heart,123,Try a Little Tenderness,Chris Connor,1903-08-07,1923-08-07,2013-12-19,0:01:53,0003A,Blue Note Records
5Q6PVXflC7LKN42bYupRJQ,I've Got A Crush On You,124,Chris Connor Sings the George Gershwin Almanac Of Song,Chris Connor,1903-08-07,1923-08-07,2005-04-19,0:02:18,0003A,Blue Note Records
5Q6PVXflC7LKN42bYupRJQ,All About Ronnie,125,All About Chris,Chris Connor,1903-08-07,1923-08-07,1954-01-01,0:03:00,0003A,Blue Note Records
5Q6PVXflC7LKN42bYupRJQ,Moonlight in Vermont,126,A Jazz Date With Chris Connor,Chris Connor,1903-08-07,1923-08-07,1994-08-12,0:03:14,0003A,Blue Note Records
5Q6PVXflC7LKN42bYupRJQ,The Night We Called It a Day,126,A Jazz Date With Chris Connor,Chris Connor,1903-08-07,1923-08-07,1994-08-12,0:03:21,0003A,Blue Note Records
5Q6PVXflC7LKN42bYupRJQ,Try a Little Tenderness,123,Try a Little Tenderness,Chris Connor,1903-08-07,1923-08-07,2013-12-19,0:03:05,0003A,Blue Note Records
5Q6PVXflC7LKN42bYupRJQ,Lullaby Of Birdland,125,All About Chris,Chris Connor,1903-08-07,1923-08-07,1954-01-01,0:02:25,0003A,Blue Note Records
5Q6PVXflC7LKN42bYupRJQ,How Long Has This Been Going On?,123,Try a Little Tenderness,Chris Connor,1903-08-07,1923-08-07,2013-12-19,0:02:35,0003A,Blue Note Records